{"main_loss": 0.8960895578294436, "_timestamp": 1664273270.3483274, "_runtime": 6990.087222337723, "_step": 7757, "aux_loss": 0.013920436728188103, "lr": 8.636856357139335e-05, "val_loss": 1.0244276529239817, "acc": 0.8127036202916982, "acc_cls": 0.5756630639103, "mean_iu": 0.43635114673765585, "fwavacc": 0.6974607815683895, "f1_score": 0.5725108101538777, "_wandb": {"runtime": 6989}}